USE library_system;

-- 36 books some have no rentals.
INSERT INTO Books (isbn, title, author, publisher, publication_year, category, total_copies, available_copies) VALUES
('9783869711423', 'Romeo and Juliet', 'William Shakespeare', 'Bantam Classics', 1980, 'Literature', 5, 5),
('9780141439518', 'Pride and Prejudice', 'Jane Austen', 'Penguin Classics', 2003, 'Literature', 5, 5),
('9780141439556', 'Wuthering Heights', 'Emily Brontë', 'Penguin Classics', 2003, 'Literature', 4, 4),
('9780743273565', 'The Great Gatsby', 'F. Scott Fitzgerald', 'Scribner', 2004, 'Literature', 4, 4),
('9780060935467', 'To Kill a Mockingbird', 'Harper Lee', 'Harper Perennial', 2006, 'Literature', 5, 5),
('9780194614443', 'Jane Eyre', 'Charlotte Brontë', 'Penguin Classics', 2006, 'Literature', 3, 3),
('9780140268867', 'The Odyssey', 'Homer', 'Penguin Classics', 1997, 'Literature', 3, 3),
('9780141439846', 'Dracula', 'Bram Stoker', 'Penguin Classics', 2003, 'Literature', 2, 2),
('9780141439747', 'Oliver Twist', 'Charles Dickens', 'Penguin Classics', 2003, 'Literature', 3, 3),
('9780142437247', 'Moby-Dick', 'Herman Melville', 'Penguin Classics', 2003, 'Literature', 2, 2),
('9780143105442', 'The Scarlet Letter', 'Nathaniel Hawthorne', 'Penguin Classics', 2003, 'Literature', 2, 2),
('9780439023528', 'The Hunger Games', 'Suzanne Collins', 'Scholastic Press', 2008, 'Young Adult', 5, 5),
('9780316015844', 'Twilight', 'Stephenie Meyer', 'Little Brown', 2005, 'Young Adult', 4, 4),
('9780525478812', 'The Fault in Our Stars', 'John Green', 'Dutton Books', 2012, 'Young Adult', 4, 4),
('9780062024039', 'Divergent', 'Veronica Roth', 'Katherine Tegen Books', 2011, 'Young Adult', 3, 3),
('9780385737951', 'The Maze Runner', 'James Dashner', 'Delacorte Press', 2010, 'Young Adult', 3, 3),
('9780544336261', 'The Giver', 'Lois Lowry', 'HarperCollins', 1993, 'Young Adult', 4, 4),
('9780141393056', 'Animal Farm', 'George Orwell', 'Penguin Classics', 1996, 'Adult Fiction', 4, 4),
('9780399501487', 'The Lord of the Flies', 'William Golding', 'Penguin', 2003, 'Adult Fiction', 4, 3),
('9781594631931', 'The Kite Runner', 'Khaled Hosseini', 'Riverhead Books', 2003, 'Adult Fiction', 5, 4),
('9780385490818', 'The Handmaids Tale', 'Margaret Atwood', 'McClelland and Stewart', 1985, 'Adult Fiction', 4, 2),
('9780307588371', 'Gone Girl', 'Gillian Flynn', 'Crown Publishing', 2012, 'Adult Fiction', 1, 0),
('9780812416299', '1984', 'George Orwell', 'Signet Classic', 1950, 'Science Fiction', 3, 1),
('9780486282114', 'Frankenstein', 'Mary Shelley', 'Dover Publications', 1994, 'Science Fiction', 4, 2),
('9780441013593', 'Dune', 'Frank Herbert', 'Chilton Books', 1965, 'Science Fiction', 5, 3),
('9780812550702', 'Enders Game', 'Orson Scott Card', 'Tor Books', 1985, 'Science Fiction', 4, 2),
('9781451673319', 'Fahrenheit 451', 'Ray Bradbury', 'Simon and Schuster', 1953, 'Science Fiction', 4, 2),
('9780345391803', 'The Hitchhikers Guide to the Galaxy', 'Douglas Adams', 'Del Rey', 1995, 'Science Fiction', 4, 2),
('9780439708180', 'Harry Potter and the Sorcerers Stone', 'J.K. Rowling', 'Scholastic', 1997, 'Fantasy', 6, 4),
('9780439064873', 'Harry Potter and the Chamber of Secrets', 'J.K. Rowling', 'Scholastic', 1999, 'Fantasy', 5, 3),
('9780553103540', 'A Game of Thrones', 'George R.R. Martin', 'Bantam Spectra', 1996, 'Fantasy', 4, 2),
('9780618640157', 'The Lord of the Rings', 'J.R.R. Tolkien', 'Allen and Unwin', 1954, 'Fantasy', 1, 0),
('9780547928227', 'The Hobbit', 'J.R.R. Tolkien', 'Houghton Mifflin', 1937, 'Fantasy', 5, 5),
('9780064471046', 'The Lion the Witch and the Wardrobe', 'C.S. Lewis', 'HarperCollins', 1950, 'Fantasy', 0, 0),
('9781101905555', 'The Martian', 'Andy Weir', 'Crown Publishing', 2011, 'Science Fiction', 2, 2),
('9780307887450', 'Ready Player One', 'Ernest Cline', 'Crown Publishing', 2011, 'Science Fiction', 1, 0);

-- book_availability_view: available_copies = 0 → Unavailable. Gone Girl (22), LOTR (32), Ready Player One (36): each 1,0 with exactly one open rental below. Lion/Witch (34): 0,0; Discontinued for checkout API tests only.
UPDATE Books
SET book_status = 'Discontinued'
WHERE isbn = '9780064471046';

-- 36 members: 4 Staff, 32 students/faculty
-- suspended members have max_books_allowed = 0
-- member_id 8, 9, 18, 21, 28, 31 are suspended/expired
INSERT INTO Members (first_name, last_name, email, phone, membership_type, registration_date, status, max_books_allowed) VALUES
('Tiffany', 'Ortiz', 'tortiz@library.fiu.edu', '3055552000', 'Staff', '2026-01-01', 'active', 10),
('Isabella', 'Correa', 'icorr@fiu.edu', '7865210000', 'Staff', '2026-01-01', 'active', 10),
('Sofia', 'Murillo', 'smurillo@library.fiu.edu', '3055552001', 'Staff', '2026-01-01', 'active', 10),
('Quincy', 'Jones', 'qjones@library.fiu.edu', '3055552002', 'Staff', '2026-01-01', 'active', 10),
('Chris', 'Rodriguez', 'crodri@fiu.edu', '3055551234', 'Student', '2026-01-06', 'active', 5),
('Isabella', 'Perez', 'iperez@fiu.edu', '3055555678', 'Student', '2026-01-02', 'active', 5),
('Maria', 'Lopez', 'mlopez@fiu.edu', '3055559012', 'Faculty', '2026-02-02', 'active', 10),
('Kevin', 'Smith', 'ksmith@fiu.edu', '3055553456', 'Faculty', '2026-01-23', 'suspended', 0),
('Jalen', 'Brown', 'jbrown@fiu.edu', '3055557890', 'Student', '2026-02-07', 'expired', 5),
('Chris', 'Lawrence', 'clawre@fiu.edu', '3055557231', 'Student', '2026-02-03', 'active', 5),
('Anna', 'Gonzalez', 'agonza@fiu.edu', '3055553121', 'Student', '2026-02-15', 'active', 5),
('Quincy', 'Williams', 'qwilliams@fiu.edu', '3055550000', 'Faculty', '2026-01-01', 'active', 10),
('Daniel', 'Martinez', 'dmartinez01@fiu.edu', '3055551001', 'Student', '2026-01-08', 'active', 5),
('Ashley', 'Rivera', 'arivera@fiu.edu', '3055551002', 'Student', '2026-01-10', 'active', 5),
('Brandon', 'Hernandez', 'bherna@fiu.edu', '3055551003', 'Student', '2026-01-12', 'active', 5),
('Natalie', 'Garcia', 'ngarcia@fiu.edu', '3055551004', 'Student', '2026-01-14', 'active', 5),
('Ethan', 'Flores', 'eflores@fiu.edu', '3055551005', 'Student', '2026-01-16', 'active', 5),
('Camila', 'Torres', 'ctorres@fiu.edu', '3055551006', 'Student', '2026-01-18', 'expired', 5),
('Joshua', 'Ramirez', 'jramirez@fiu.edu', '3055551007', 'Student', '2026-01-20', 'active', 5),
('Valeria', 'Morales', 'vmorales@fiu.edu', '3055551008', 'Student', '2026-01-22', 'active', 5),
('Gabriel', 'Castro', 'gcastro@fiu.edu', '3055551009', 'Student', '2026-01-24', 'suspended', 0),
('Kayla', 'Ortiz', 'kortiz@fiu.edu', '3055551010', 'Student', '2026-01-26', 'active', 5),
('Luis', 'Reyes', 'lreyes@fiu.edu', '3055551011', 'Student', '2026-01-28', 'active', 5),
('Mia', 'Cruz', 'mcruz@fiu.edu', '3055551012', 'Student', '2026-02-01', 'active', 5),
('Alejandro', 'Vega', 'avega@fiu.edu', '3055551013', 'Faculty', '2026-01-09', 'active', 10),
('Gabriela', 'Mendez', 'gmendez@fiu.edu', '3055551014', 'Faculty', '2026-01-11', 'active', 10),
('Ricardo', 'Santos', 'rsantos@fiu.edu', '3055551015', 'Faculty', '2026-01-13', 'active', 10),
('Elena', 'Diaz', 'ediaz@fiu.edu', '3055551016', 'Faculty', '2026-01-15', 'suspended', 0),
('Victor', 'Navarro', 'vnavarro@fiu.edu', '3055551017', 'Faculty', '2026-01-17', 'active', 10),
('Paula', 'Delgado', 'pdelgado@fiu.edu', '3055551018', 'Faculty', '2026-01-19', 'active', 10),
('Andres', 'Suarez', 'asuarez@fiu.edu', '3055551019', 'Faculty', '2026-01-21', 'expired', 5),
('Lucia', 'Herrera', 'lherrera@fiu.edu', '3055551020', 'Faculty', '2026-01-25', 'active', 10),
('Noah', 'Jimenez', 'njimenez@fiu.edu', '3055551021', 'Student', '2026-02-05', 'active', 5),
('Emma', 'Ponce', 'eponce@fiu.edu', '3055551022', 'Student', '2026-02-07', 'active', 5),
('Sebastian', 'Rojas', 'srojas@fiu.edu', '3055551023', 'Student', '2026-02-09', 'active', 5),
('Ariana', 'Salazar', 'asalazar@fiu.edu', '3055551024', 'Student', '2026-02-11', 'active', 5);

-- 60 rentals: 35 returned, 11 overdue, 14 active. (available_copies = total_copies minus active+overdue rows per book.)
INSERT INTO Rentals (book_id, member_id, rental_date, due_date, status) VALUES
(1, 1, '2026-02-01', '2026-02-22', 'returned'),
(1, 2, '2026-02-02', '2026-02-23', 'returned'),
(2, 3, '2026-02-03', '2026-02-24', 'returned'),
(2, 4, '2026-02-04', '2026-02-25', 'returned'),
(2, 5, '2026-02-05', '2026-02-26', 'returned'),
(3, 6, '2026-02-06', '2026-02-27', 'returned'),
(3, 7, '2026-02-07', '2026-02-28', 'returned'),
(4, 10, '2026-02-08', '2026-03-01', 'returned'),
(5, 11, '2026-02-09', '2026-03-02', 'returned'),
(5, 12, '2026-02-10', '2026-03-03', 'returned'),
(6, 13, '2026-02-11', '2026-03-04', 'returned'),
(6, 14, '2026-02-12', '2026-03-05', 'returned'),
(6, 15, '2026-02-13', '2026-03-06', 'returned'),
(7, 16, '2026-02-14', '2026-03-07', 'returned'),
(7, 17, '2026-02-15', '2026-03-08', 'returned'),
(8, 19, '2026-02-16', '2026-03-09', 'returned'),
(8, 20, '2026-02-17', '2026-03-10', 'returned'),
(9, 22, '2026-02-18', '2026-03-11', 'returned'),
(10, 23, '2026-02-19', '2026-03-12', 'returned'),
(10, 24, '2026-02-20', '2026-03-13', 'returned'),
(11, 25, '2026-02-21', '2026-03-14', 'returned'),
(11, 26, '2026-02-22', '2026-03-15', 'returned'),
(12, 27, '2026-02-23', '2026-03-16', 'returned'),
(12, 29, '2026-02-24', '2026-03-17', 'returned'),
(13, 30, '2026-02-25', '2026-03-18', 'returned'),
(13, 32, '2026-02-26', '2026-03-19', 'returned'),
(13, 33, '2026-02-27', '2026-03-20', 'returned'),
(14, 34, '2026-02-28', '2026-03-21', 'returned'),
(14, 35, '2026-03-01', '2026-03-22', 'returned'),
(15, 36, '2026-03-02', '2026-03-23', 'returned'),
(15, 11, '2026-03-03', '2026-03-24', 'returned'),
(16, 14, '2026-03-06', '2026-03-27', 'returned'),
(18, 10, '2026-03-10', '2026-03-31', 'returned'),
(18, 11, '2026-03-11', '2026-04-01', 'returned'),
(19, 12, '2026-03-12', '2026-04-02', 'returned'),
(20, 13, '2026-02-25', '2026-03-11', 'overdue'),
(21, 14, '2026-02-26', '2026-03-12', 'overdue'),
(23, 16, '2026-02-28', '2026-03-14', 'overdue'),
(24, 17, '2026-03-01', '2026-03-15', 'overdue'),
(25, 19, '2026-03-02', '2026-03-16', 'overdue'),
(26, 20, '2026-03-03', '2026-03-17', 'overdue'),
(27, 22, '2026-03-04', '2026-03-18', 'overdue'),
(28, 23, '2026-03-05', '2026-03-19', 'overdue'),
(29, 24, '2026-03-06', '2026-03-20', 'overdue'),
(30, 25, '2026-02-10', '2026-02-24', 'overdue'),
(31, 26, '2026-02-11', '2026-02-25', 'overdue'),
(20, 29, '2026-04-08', '2026-04-29', 'active'),
(21, 30, '2026-04-09', '2026-04-30', 'active'),
(22, 32, '2026-04-05', '2026-04-26', 'active'),
(23, 33, '2026-04-06', '2026-04-27', 'active'),
(24, 34, '2026-04-07', '2026-04-28', 'active'),
(25, 35, '2026-04-08', '2026-04-29', 'active'),
(26, 36, '2026-04-09', '2026-04-30', 'active'),
(27, 5, '2026-04-05', '2026-04-26', 'active'),
(28, 6, '2026-04-06', '2026-04-27', 'active'),
(29, 7, '2026-04-07', '2026-04-28', 'active'),
(30, 10, '2026-04-08', '2026-04-29', 'active'),
(31, 11, '2026-04-09', '2026-04-30', 'active'),
(32, 4, '2026-04-10', '2026-05-01', 'active'),
(36, 2, '2026-04-10', '2026-05-01', 'active');

-- 35 returns (one per returned rental; rental_id matches insert order above)
INSERT INTO Returns (rental_id, return_date, condition_status, notes, processed_by) VALUES
(1, '2026-02-22', 'Good', '', 1),
(2, '2026-02-23', 'Good', '', 2),
(3, '2026-02-28', 'Good', 'Returned 4 day(s) late.', 3),
(4, '2026-02-25', 'Good', '', 4),
(5, '2026-02-26', 'Good', '', 1),
(6, '2026-02-27', 'Good', '', 2),
(7, '2026-02-28', 'Damaged', 'Damage fee assessed.', 3),
(8, '2026-03-01', 'Good', '', 4),
(9, '2026-03-07', 'Good', 'Returned 5 day(s) late.', 1),
(10, '2026-03-03', 'Good', '', 2),
(11, '2026-03-04', 'Good', '', 3),
(12, '2026-03-11', 'Damaged', 'Damaged; returned 6 day(s) late.', 4),
(13, '2026-03-06', 'Good', '', 1),
(14, '2026-03-07', 'Good', '', 2),
(15, '2026-03-14', 'Good', 'Returned 6 day(s) late.', 3),
(16, '2026-03-09', 'Good', '', 4),
(17, '2026-03-10', 'Good', '', 1),
(18, '2026-03-11', 'Damaged', 'Damage fee assessed.', 2),
(19, '2026-03-12', 'Good', '', 3),
(20, '2026-03-15', 'Lost', 'Declared lost at return processing.', 4),
(21, '2026-03-14', 'Good', '', 1),
(22, '2026-03-18', 'Good', 'Returned 3 day(s) late.', 2),
(23, '2026-03-16', 'Good', '', 3),
(24, '2026-03-17', 'Good', '', 4),
(25, '2026-03-21', 'Damaged', 'Damaged; returned 3 day(s) late.', 1),
(26, '2026-03-19', 'Good', '', 2),
(27, '2026-03-20', 'Good', '', 3),
(28, '2026-03-25', 'Good', 'Returned 4 day(s) late.', 4),
(29, '2026-03-22', 'Good', '', 1),
(30, '2026-03-23', 'Damaged', 'Damage fee assessed.', 2),
(31, '2026-03-24', 'Good', '', 3),
(32, '2026-04-01', 'Good', 'Returned 5 day(s) late.', 2),
(33, '2026-04-02', 'Lost', 'Declared lost at return processing.', 2),
(34, '2026-04-01', 'Good', '', 3),
(35, '2026-04-02', 'Good', '', 4);

-- Fine rules: Overdue = $1.00 x days after due_date
-- Damaged - $25.00 in addition to any overdue
-- Lost - $50.00 flat
INSERT INTO Fines (rental_id, member_id, fine_amount, fine_reason, fine_date, paid_status, paid_amount, paid_date) VALUES
(3, 3, 4.00, 'Overdue', '2026-02-28', 'unpaid', 0.00, NULL),
(7, 7, 25.00, 'Damaged', '2026-02-28', 'paid', 25.00, '2026-02-28'),
(9, 11, 5.00, 'Overdue', '2026-03-07', 'unpaid', 0.00, NULL),
(12, 14, 6.00, 'Overdue', '2026-03-11', 'paid', 6.00, '2026-03-11'),
(12, 14, 25.00, 'Damaged', '2026-03-11', 'unpaid', 0.00, NULL),
(15, 17, 6.00, 'Overdue', '2026-03-14', 'unpaid', 0.00, NULL),
(18, 22, 25.00, 'Damaged', '2026-03-11', 'paid', 25.00, '2026-03-11'),
(20, 24, 50.00, 'Lost', '2026-03-15', 'partial', 25.00, NULL),
(22, 26, 3.00, 'Overdue', '2026-03-18', 'paid', 3.00, '2026-03-18'),
(25, 30, 3.00, 'Overdue', '2026-03-21', 'paid', 3.00, '2026-03-21'),
(25, 30, 25.00, 'Damaged', '2026-03-21', 'paid', 25.00, '2026-03-21'),
(28, 34, 4.00, 'Overdue', '2026-03-25', 'paid', 4.00, '2026-03-25'),
(30, 36, 25.00, 'Damaged', '2026-03-23', 'paid', 25.00, '2026-03-23'),
(32, 4, 5.00, 'Overdue', '2026-04-01', 'paid', 5.00, '2026-04-01'),
(33, 10, 50.00, 'Lost', '2026-04-02', 'paid', 50.00, '2026-04-02');
